distance_m,x_m,y_m,curvature_per_m
0.0,0.0,0.0,0.0525591001378668
0.9996552964720213,-0.9892290691125525,0.1434638246981137,0.022487755765924013
1.9993105929440427,-1.9831213517866981,0.2505420606050014,0.008314711935481375
2.998965889416064,-2.9784969056077144,0.3429241656275929,0.008836037940861541
3.9986211858880853,-3.9745980950561686,0.42712649998030466,0.0162720725301981
4.998276482360106,-4.971655625844595,0.49906856637672237,0.023249649953498017
5.997931778832128,-5.969945307705826,0.55108782447144,0.025088372274661628
6.99758707530415,-6.969209777082545,0.578625068652932,0.022009224863120482
7.997242371776171,-7.968850040475493,0.5825305731780323,0.017079580816937858
8.996897668248192,-8.96838065365963,0.5669577647853524,0.013186540866262558
9.996552964720212,-9.967566744617127,0.5363871795009953,0.01102818573899683
10.996208261192235,-10.966315760305731,0.49385262378056477,0.010669839895204212
11.995863557664256,-11.964550978758064,0.4406033268278506,0.011716209908387178
12.995518854136277,-12.962131068031688,0.3762406314527546,0.013638217422189819
13.9951741506083,-13.95881580935879,0.2992563629526276,0.015829905562878395
14.99482944708032,-14.954257030556008,0.20759748364677935,0.017981881216960934
15.994484743552341,-15.948005788421574,0.09913240827192049,0.020700100261151162
16.994140040024362,-16.939481406986513,-0.028434481958913908,0.02546569591486959
17.993795336496383,-17.92776006288152,-0.17874591744152574,0.03403212411924525
18.993450632968404,-18.911140628338526,-0.3582724547840232,0.04535758866972251
19.993105929440425,-19.886627282704627,-0.5765887097241872,0.05688304581300027
20.99276122591245,-20.849663531993865,-0.8444611173131906,0.065936006250913
21.99241652238447,-21.794392746271814,-1.171020002615551,0.07126042382803136
22.99207181885649,-22.714426010697057,-1.5617546144856398,0.07294913522676674
23.991727115328512,-23.603838372057506,-2.0179072525052875,0.07113553411308345
24.991382411800533,-24.458078503498644,-2.5369544450898887,0.06670235048827713
25.991037708272554,-25.274518810395566,-3.113646939935731,0.06098667213383973
26.990693004744575,-26.05247525934577,-3.7412991843710115,0.05476863498231136
27.9903483012166,-26.79283245062837,-4.412904064638609,0.04825393285273526
28.99000359768862,-27.497640296723485,-5.121737312789997,0.04040880413237738
29.98965889416064,-28.17027755407664,-5.861187200423714,0.03015341416302068
30.989314190632662,-28.816368406089985,-6.623963638835854,0.01917029736063527
31.988969487104683,-29.443523147101978,-7.402402461531527,0.011229000073512328
32.988624783576704,-30.058939200639536,-8.190163136278237,0.006529510278859522
33.988280080048725,-30.66743757377927,-8.983282377013808,0.003915863595320117
34.987935376520745,-31.27186821769002,-9.779506886545047,0.0036397082517867687
35.987590672992766,-31.873384320570757,-10.577935635593416,0.005637734143394979
36.98724596946479,-32.47125333056187,-11.379098438868938,0.009577992864572801
37.98690126593681,-33.063020185751135,-12.184777446242872,0.01423203054710538
38.98655656240883,-33.64519245682003,-12.997413281926946,0.018732927490684552
39.98621185888085,-34.213902562915145,-13.819522517228142,0.022962280798338792
40.98586715535288,-34.76532513993384,-14.653320746612247,0.027466661549890317
41.9855224518249,-35.295594550873965,-15.500722439059436,0.034040507484686226
42.98517774829692,-35.79966277948904,-16.36395388604533,0.04597047435832406
43.98483304476894,-36.26907719540818,-17.246482360649694,0.06480799359120601
44.98448834124096,-36.68922252406907,-18.153436398216243,0.0906337319180185
45.98414363771298,-37.0378331575947,-19.090096801178312,0.11864492087749849
46.983798934185,-37.28654438080465,-20.057901911849733,0.1379236357066176
47.983454230657024,-37.4085340585426,-21.04950999161772,0.13259012140704074
48.983109527129045,-37.39401770912312,-22.04852014610088,0.10091669943611302
49.982764823601066,-37.26240602439346,-23.039158283726824,0.06846261161415365
50.98242012007309,-37.04815634291817,-24.0154379835404,0.052086105099541244
51.98207541654511,-36.77620487273551,-24.97730503523787,0.04440398746158213
52.98173071301713,-36.458209824083625,-25.92497064279982,0.03177053218298892
53.98138600948915,-36.103946107321,-26.859714441486076,0.01063731451465651
54.98104130596117,-35.72979718886269,-27.786707373433842,-0.002086337952890356
55.9806966024332,-35.3525700168171,-28.71245577494128,0.0030588898093439477
56.98035189890522,-34.97541432745836,-29.638233131582286,0.0066888905183788904
57.98000719537724,-34.593330776389166,-30.561986495703774,-0.0013033576631258936
58.97966249184926,-34.20870264885521,-31.484684611107955,-0.009995555520834786
59.97931778832128,-33.82943144067507,-32.40959414809334,-0.018115779170686488
60.9789730847933,-33.46308818967432,-33.33969219455784,-0.030645967335637316
61.978628381265324,-33.11923680658834,-34.278317538744524,-0.04995721054328473
62.978283677737345,-32.81314997514829,-35.22987694784644,-0.07500703540498141
63.977938974209366,-32.566857014639496,-36.19853738991245,-0.09927591711758232
64.9775942706814,-32.40612896928831,-37.18488309258535,-0.11050947595571398
65.97724956715341,-32.350573919924045,-38.18262962780895,-0.10335630587712327
66.97690486362544,-32.40258487665407,-39.18062664153715,-0.08734739675174133
67.97656016009745,-32.54942508618958,-40.16922597252585,-0.07594431437219896
68.97621545656948,-32.77612467920063,-41.14267892562677,-0.07224264410615891
69.97587075304149,-33.073922491578344,-42.09680249362998,-0.07235520844307189
70.97552604951352,-33.43976459698422,-43.02695942547094,-0.06771032525278413
71.97518134598553,-33.87006231263933,-43.92912527834479,-0.05367694418082807
72.97483664245756,-34.35471267077108,-44.80334790727593,-0.034681635619048336
73.97449193892957,-34.877531069508606,-45.65534837285677,-0.019198888019875154
74.9741472354016,-35.42287254097678,-46.49313828446718,-0.010644973500489154
75.97380253187362,-35.98051547938844,-47.32280011392883,-0.005358126620533235
76.97345782834564,-36.54471705301434,-48.148018738074924,-0.0012216074227243481
77.97311312481766,-37.11157667926801,-48.97141463210561,0.0008262495356247037
78.97276842128969,-37.678497938275584,-49.79476811947617,0.0006855796037332569
79.9724237177617,-38.24472799357694,-50.61859711549439,-0.0005774884851383266
80.97207901423373,-38.81089153914038,-51.442471827182125,-0.0011667987723629016
81.97173431070576,-39.377818551222745,-52.265821331061474,-0.000580146262123764
82.97138960717777,-39.9455032686636,-53.08864862648743,0.00139397018375348
83.9710449036498,-40.512885862698255,-53.91168424663147,0.004060249930998148
84.97070020012181,-41.078031847560254,-54.73625688510282,0.007317316081137993
85.97035549659384,-41.638489988709544,-55.564021867173615,0.0110022450499494
86.97001079306585,-42.19137221219281,-56.39686410573353,0.015928538466365372
87.96966608953788,-42.73306974251382,-57.23702004538809,0.02349345796553423
88.9693213860099,-43.25820727097943,-58.087615648692086,0.03564717789836676
89.96897668248192,-43.75809757083972,-58.953270182122694,0.051616302344492694
90.96863197895394,-44.21990127713277,-59.83978711585527,0.07053508188309525
91.96828727542596,-44.62681637075777,-60.75274014735212,0.09086106678639923
92.96794257189798,-44.9587937505368,-61.69543461217515,0.10868458233213905
93.96759786837,-45.1950615208081,-62.66644515794168,0.11262986489626381
94.96725316484202,-45.321884277782246,-63.65766914746353,0.09461181090075971
95.96690846131405,-45.34443976491033,-64.65681782692009,0.06345743548739892
96.96656375778608,-45.28784089584277,-65.65475802039217,0.037011763388192134
97.96621905425809,-45.18159110670789,-66.64871102302006,0.024082534408192177
98.96587435073012,-45.04540467545303,-67.6390299719442,0.019355614345229564
99.96552964720213,-44.88800281100239,-68.62620496564634,0.016656914836638028
100.96518494367416,-44.7128313546717,-69.61038489961031,0.01281220693761597
101.96484024014617,-44.52308523216779,-70.59186227270254,0.008513795089731732
102.9644955366182,-44.32284644808083,-71.5712554482103,0.0037092473776487774
103.96415083309022,-44.116563690810864,-72.54939519522884,-0.0036581289476854523
104.96380612956224,-43.910027746728225,-73.52748155342748,-0.015435658569509575
105.96346142603426,-43.712687966696116,-74.507457549128,-0.026493791139135896
106.96311672250629,-43.53626288970544,-75.49139880725248,-0.02762663780741909
107.9627720189783,-43.38709152305524,-76.47983686527422,-0.02138622347385329
108.96242731545033,-43.26226341682513,-77.47165303079792,-0.019515256119612252
109.96208261192234,-43.15728418131327,-78.46576849876563,-0.028642929671134944
110.96173790839437,-43.0757146679369,-79.46206438253944,-0.042357409664063164
111.9613932048664,-43.0296360997393,-80.46060204355035,-0.046471327486998705
112.96104850133841,-43.028634939587086,-81.46019204041094,-0.03861277950660687
113.96070379781044,-43.07056104056756,-82.4589251789844,-0.029195570830439724
114.96035909428245,-43.146084696508716,-83.45570021871683,-0.027887218911878175
115.96001439075448,-43.24962854991998,-84.44995779668697,-0.036730688790106054
116.9596696872265,-43.38490422143421,-85.4403834487029,-0.04957425525481191
117.95932498369852,-43.56270147428314,-86.4240363246701,-0.05629527917976362
118.95898028017054,-43.79275035730981,-87.39677698415446,-0.04807848688925705
119.95863557664256,-44.074032070667194,-88.3559808081221,-0.02530432629713737
120.95829087311458,-44.390809528391344,-89.3041001319964,0.0012571657746747779
121.9579461695866,-44.71872895162807,-90.24844172462706,0.01898417632130345
122.95760146605862,-45.036499025706334,-91.19623624367513,0.02396055258359387
123.95725676253065,-45.33335922170846,-92.15078136788165,0.020786819920786324
124.95691205900266,-45.60860551624513,-93.11178582290337,0.015819676920518642
125.95656735547469,-45.86623979981194,-94.07766531285884,0.013616820742922864
126.9562226519467,-46.109796304672585,-95.04719221666176,0.015243427228007776
127.95587794841873,-46.33952639273041,-96.02008677945382,0.019846148181385442
128.95553324489074,-46.55218611765516,-96.99685078475446,0.023988415831123145
129.9551885413628,-46.74334831095024,-97.97804440962489,0.022572467270869555
130.9548438378348,-46.91133417547306,-98.96347146247992,0.01411077344788781
131.95449913430681,-47.06092879171372,-99.9518657105567,-0.0007114337703571355
132.95415443077883,-47.20387315460697,-100.94124856443106,-0.01503926036245838
133.95380972725087,-47.35470871764419,-101.9294532785926,-0.02287440186979845
134.95346502372288,-47.52459711237091,-102.91455395883676,-0.023184736240468313
135.9531203201949,-47.71744250815454,-103.89541899340512,-0.017963969798922792
136.9527756166669,-47.93054590263721,-104.87208792028592,-0.011438421851668186
137.95243091313895,-48.15797776544338,-105.84552493617277,-0.006101786585085504
138.95208620961097,-48.393843239782676,-106.81695503597504,-0.002743565992812361
139.95174150608298,-48.63391540871645,-107.78735482141687,-0.001063896015245869
140.951396802555,-48.8757753244065,-108.75731071754983,-0.00034614314693076593
141.95105209902704,-49.1182881173414,-109.72710360883855,-9.270329071713205e-05
142.95070739549905,-49.36100424269275,-110.69684563324607,-4.398648027271169e-05
143.95036269197107,-49.60378466180336,-111.66657156346156,7.561699595504452e-07
144.9500179884431,-49.84657246619572,-112.63629564473476,8.285222518054902e-07
145.94967328491512,-50.089360451526524,-113.60601968070856,-9.808622110898023e-09
146.94932858138714,-50.33214835009088,-114.57574373840505,-1.559871889284835e-08
147.94898387785915,-50.5749362447813,-115.54546779707137,9.750775811716406e-11
148.9486391743312,-50.81772414110024,-116.51519185533,2.935587430795304e-10
149.9482944708032,-51.06051203750087,-117.48491591356816,-5.23194573871905e-14
150.94794976727522,-51.30329993387096,-118.45463997181399,-5.580702555399141e-12
151.94760506374723,-51.54608783023938,-119.42436403006025,-1.611823500566877e-13
152.94726036021927,-51.78887572660835,-120.39408808830638,2.2456726342835184e-13
153.9469156566913,-52.03166362297736,-121.36381214655246,-6.337064621396593e-13
154.9465709531633,-52.27445151934642,-122.33353620479855,-1.4827661282328344e-12
155.94622624963532,-52.51723941571546,-123.30326026304463,3.2285024213634925e-11
156.94588154610736,-52.76002731208113,-124.27298432129157,8.527619970830483e-11
157.94553684257937,-53.00281520844691,-125.24270837953847,-1.705256560548501e-09
158.9451921390514,-53.24560310499083,-126.21243243774077,-4.865887438974599e-09
159.9448474355234,-53.488391001577895,-127.18215649593225,9.024994236903189e-08
160.94450273199544,-53.731178888773925,-128.15188055647516,2.753554068444169e-07
161.94415802846746,-53.97396677108765,-129.1216046182405,-4.774946367604555e-06
162.94381332493947,-54.216755147916636,-130.09132855618628,-1.5478733502086262e-05
163.9434686214115,-54.45954395118184,-131.0610523873586,-9.712469220484856e-06
164.94312391788353,-54.70237076681193,-132.0307667006761,-0.00015435229229353623
165.94277921435554,-54.945275195599855,-133.00046157495143,-0.00041740167943910765
166.94243451082755,-55.18844508258907,-133.9700899108676,-0.0010360270653942795
167.9420898072996,-55.432301663309985,-134.93954575406667,-0.0020656928170073
168.9417451037716,-55.67764144578174,-135.9086272329326,-0.0033395521823067933
169.94140040024362,-55.92560685714963,-136.87704002827533,-0.004234721247600953
170.94105569671564,-56.17725415877878,-137.84450244540642,-0.003420646272762255
171.94071099318768,-56.432681250442634,-138.81097394932956,-0.0006673721482147889
172.9403662896597,-56.69018215372834,-139.77689526874423,0.003091624898361361
173.9400215861317,-56.94649400098286,-140.7431325636652,0.005299729746347403
174.93967688260372,-57.1986293204465,-141.7104676842587,0.0021883358426907865
175.93933217907576,-57.446887468806615,-142.6788056775592,-0.006747442583907156
176.93898747554778,-57.697088725409984,-143.64664255112405,-0.019660908578407334
177.9386427720198,-57.96001715475896,-144.61109140822842,-0.03142556947716724
178.93829806849183,-58.24761827770348,-145.56845891302058,-0.036725040751650125
179.93795336496385,-58.56796441201654,-146.51536320227956,-0.0346045677644356
180.93760866143586,-58.9222038186974,-147.45012113140973,-0.025958703783787836
181.93726395790787,-59.30474631308891,-148.3736710302018,-0.014502286246432792
182.93691925437992,-59.705933147318525,-149.28928603245117,-0.003825510547419739
183.93657455085193,-60.115423235588175,-150.2012225532634,0.0024546525794120594
184.93622984732394,-60.525301548556826,-151.11298468701526,0.002874023182599639
185.93588514379596,-60.9325312437256,-152.0259328636845,-0.004359354530581728
186.935540440268,-61.34027637515183,-152.93865083409324,-0.014951659162079732
187.93519573674,-61.75673092813815,-153.84742207564693,-0.02285831049558192
188.93485103321203,-62.190582213021386,-154.74800877803764,-0.022547280191196447
189.93450632968404,-62.64516473383337,-155.63831104456239,-0.015742755582289665
190.93416162615608,-63.11684323963677,-156.5196829801813,-0.011074613031433525
191.9338169226281,-63.600092688378325,-157.39476808184156,-0.013365407445751659
192.9334722191001,-64.09370021603671,-158.26405102269956,-0.01998241941246347
193.93312751557215,-64.6016417485796,-159.1250300028209,-0.02617474104461282
194.93278281204417,-65.12942914115938,-159.97397986832368,-0.028937370949174864
195.93243810851618,-65.68055983719596,-160.80795970228985,-0.027361548112211587
196.9320934049882,-66.25508099290954,-161.62600544930197,-0.01994770858007942
197.93174870146024,-66.84894185464029,-162.4301320896322,-0.008790751652501141
198.93140399793225,-67.4543930777053,-163.22557920732828,0.002146671276872986
199.93105929440426,-68.06233584121665,-164.01912586275768,0.008238265305392461
200.93071459087628,-68.66594686749636,-164.81597033249773,0.009428420949080434
201.93036988734832,-69.26234474896846,-165.61822722190288,0.008027086426492457
202.93002518382033,-69.85168615239616,-166.42568277780944,0.00687993398012134
203.92968048029235,-70.43505429998599,-167.23746476691744,0.00788547768278291
204.92933577676436,-71.01251362221396,-168.0534600715594,0.010876093671716765
205.9289910732364,-71.58233866399569,-168.8748028150335,0.013945125177950697
206.92864636970842,-72.14186801868463,-169.70319112622,0.01503168504774407
207.92830166618043,-72.68926007255679,-170.53964826981058,0.015330779591665787
208.92795696265247,-73.22389921544868,-171.38431343453223,0.017090376097758164
209.9276122591245,-73.74489826264828,-172.23745814706825,0.02159766998302863
210.9272675555965,-74.24942836229367,-173.10043927100327,0.029562249338726396
211.92692285206851,-74.73184818019666,-173.97596112381123,0.04016785735958834
212.92657814854056,-75.18351373691372,-174.8677164015586,0.050600458281025815
213.92623344501257,-75.59420294901095,-175.77904271180788,0.05712470922215454
214.92588874148458,-75.95505203641139,-176.71120776829605,0.059937684531820315
215.9255440379566,-76.26064745360739,-177.66291001674173,0.06265826125383366
216.92519933442864,-76.50749599547275,-178.63150203083273,0.06923470545597839
217.92485463090065,-76.69020874098692,-179.61418621598753,0.07929568246007632
218.92450992737267,-76.79959297831805,-180.60765918354568,0.08649126517184803
219.92416522384468,-76.82610325673345,-181.6067444168179,0.08162225398624035
220.92382052031672,-76.7682707983419,-182.60452646388129,0.06591638916627159
221.92347581678874,-76.63689842410378,-183.59537942353197,0.04941353576596797
222.92313111326075,-76.44870834754245,-184.57708699035803,0.035939239358385694
223.9227864097328,-76.21893936647086,-185.54993926752095,0.025543415501354118
224.9224417062048,-75.95953431778594,-186.5153314529104,0.01945113995303619
225.92209700267682,-75.67878790596701,-187.47474265904904,0.0210446029461992
226.92175229914884,-75.37909479897375,-188.42840269036887,0.03203268517971468
227.92140759562088,-75.05453692547097,-189.37387016833432,0.04563305263146779
228.9210628920929,-74.69343073082229,-190.30595485914444,0.04813682960891052
229.9207181885649,-74.28836783486636,-191.21978565906565,0.03517774284145373
230.92037348503692,-73.84512370291058,-192.1157574646234,0.018081473948341722
231.92002878150896,-73.37819532236206,-192.99965095481554,0.004859104645178777
232.91968407798097,-72.90139718929296,-193.8782707781038,-0.0021263339053798768
233.919339374453,-72.42372131000747,-194.75641437641266,-0.0020779619624791182
234.918994670925,-71.9481738051057,-195.63571240932708,0.001162304800671646
235.91864996739704,-71.47308187887272,-196.51525678505735,0.0031312110007205678
236.91830526386906,-70.99598852551702,-197.39371685625142,0.0018572588681071347
237.91796056034107,-70.51662883478502,-198.27094250105122,-0.0023803853441319816
238.9176158568131,-70.03748834954769,-199.148287833887,-0.007646151244427517
239.91727115328513,-69.56273158876964,-200.0280113589322,-0.012548318926264523
240.91692644975714,-69.09692676038767,-200.91250418374693,-0.016252212875055894
241.91658174622916,-68.64392457239188,-201.8036184015271,-0.018514699051105574
242.9162370427012,-68.20637600418519,-202.70241860336955,-0.021077793347221433
243.9158923391732,-67.78659893244938,-203.60965148567436,-0.02353097875036941
244.91554763564523,-67.38715116640346,-204.52601328152952,-0.022828681232638665
245.91520293211724,-67.0092503124108,-205.45146985672937,-0.01821398170502069
246.91485822858928,-66.65051351600809,-206.3845283069185,-0.018212244308565936
247.9145135250613,-66.30829965751472,-207.32377216873238,-0.03499681170019286
248.9141688215333,-65.99023756432334,-208.27143614627354,-0.06074434415114191
249.91382411800532,-65.717960839364,-209.23317295718275,-0.06849882544410128
250.91347941447737,-65.50911439047114,-210.21061485258627,-0.06054648074137071
251.91313471094938,-65.3635675767139,-211.19949755079142,-0.06093069570200591
252.9127900074214,-65.27753880193814,-212.19532548247122,-0.07378093417897542
253.9124453038934,-65.25836675171601,-213.1946286967731,-0.08587012313782909
254.91210060036545,-65.31925560211792,-214.1922084124815,-0.08883021996502818
255.91175589683746,-65.46716892961456,-215.18063285815845,-0.08531928234746058
256.9114111933095,-65.70054709891723,-216.15245643031326,-0.07982526968899731
257.9110664897815,-66.01338562362095,-217.10171676398758,-0.07159500719019236
258.91072178625353,-66.39726933398023,-218.02457556105293,-0.05887165258162553
259.9103770827256,-66.8407011001942,-218.92039459008632,-0.04325264151867907
260.91003237919756,-67.32931541249177,-219.79244229204238,-0.02919584986629135
261.9096876756696,-67.84903425126333,-220.64635032252954,-0.020058211406912267
262.9093429721416,-68.38944462738978,-221.4873296010911,-0.01582500524441747
263.90899826861363,-68.94470286941477,-222.31858546009389,-0.014120290449272873
264.9086535650857,-69.51229896452061,-223.14146767118618,-0.013261657980762502
265.90830886155766,-70.0911390960254,-223.956480368228,-0.01213805614321391
266.9079641580297,-70.68029170001908,-224.7640707858028,-0.010986984493995506
267.90761945450174,-71.2787098368607,-225.56482052816864,-0.01005348885249312
268.9072747509737,-71.885500979453,-226.35924483113877,-0.009279876016137521
269.90693004744577,-72.49994176297119,-227.1477679832623,-0.008285342250308164
270.90658534391775,-73.12130247909045,-227.93085033118797,-0.007285908355746373
271.9062406403898,-73.74876059570668,-228.70905611142015,-0.006320068034047915
272.90589593686184,-74.38147805011103,-229.48299232658857,-0.004912754583752686
273.9055512333338,-75.01852364642303,-230.25337040554885,-0.0031119730465514243
274.90520652980587,-75.65866930297605,-231.021174938584,-0.0011639159727306668
275.9048618262779,-76.30045105637042,-231.7876126901624,0.00046291874601656275
276.9045171227499,-76.94248507867266,-232.5538391705156,0.0013001623474943067
277.90417241922194,-77.58381027012507,-233.32065898956347,0.0003729089745673631
278.903827715694,-78.22444520792008,-234.08805561938254,-0.002071341074064565
279.90348301216596,-78.86568235093924,-234.85494897050094,-0.004157243504768272
280.903138308638,-79.5093759145118,-235.61978125776446,-0.003481697649507214
281.90279360511,-80.15612842315755,-236.38202875023967,0.0004976836383468387
282.90244890158203,-80.80410890752086,-237.1432330641516,0.005798252538341539
283.9021041980541,-81.44972743376194,-237.90644059592802,0.00990638243142575
284.90175949452606,-82.08923533796172,-238.67477317748592,0.011047364270712606
285.9014147909981,-82.72052945225421,-239.44986783277864,0.008690772455073228
286.90107008747015,-83.34411853627724,-240.2311764595046,0.004511025531130386
287.90072538394213,-83.96257816350455,-241.01655359290254,0.0007120151844898034
288.9003806804142,-84.57905577256577,-241.8034881924328,-0.0009107165860674926
289.9000359768862,-85.19570716550122,-242.590286591199,0.0004647761777468766
290.8996912733582,-85.81266541306132,-243.3768444219087,0.005254268511746295
291.89934656983024,-86.42744480210112,-244.1651055234897,0.01220632785422854
292.8990018663022,-87.03534359281272,-244.95868100262103,0.019537188325550268
293.89865716277427,-87.63057279631643,-245.76179537597605,0.026045361705834255
294.8983124592463,-88.20732781451275,-246.5782690635142,0.03116472173933252
295.8979677557183,-88.76042448283516,-247.4109415990018,0.03424726455921033
296.89762305219034,-89.28591576200758,-248.26129914842895,0.03481342908875797
297.8972783486624,-89.78164898556012,-249.12934057746057,0.0341983378567028
298.89693364513437,-90.24715690455162,-250.01396120126634,0.03466586628908375
299.8965889416064,-90.68200400558332,-250.9140495777914,0.03863278477680449
300.8962442380784,-91.08371618805535,-251.82940070418167,0.04542723383286004
301.89589953455044,-91.44671428758475,-252.7607687954831,0.053222069085396874
302.8955548310225,-91.76328181230438,-253.70890581339216,0.05806472579145661
303.89521012749447,-92.02647917985847,-254.67320926132425,0.05538306135144018
304.8948654239665,-92.23425026078574,-255.65095880749203,0.045217184827219294
305.89452072043855,-92.39230472615247,-256.6379913419643,0.0298097407761254
306.89417601691054,-92.51317285253627,-257.6302908648997,0.014206735573065916
307.8938313133826,-92.61224347476539,-258.6250203540807,0.0005909023568280996
308.8934866098546,-92.70405898784763,-259.6204503618178,-0.011396010696479782
309.8931419063266,-92.80131512030181,-260.6153602028052,-0.021703854841125525
310.89279720279865,-92.91510079587123,-261.60850745218545,-0.02836277088316088
311.89245249927063,-93.05393794703987,-262.59845468706385,-0.029746823575241492
312.8921077957427,-93.22168447155191,-263.58391389907933,-0.02556111733834356
313.8917630922147,-93.41671803803612,-264.5643432284108,-0.019391450900806614
314.8914183886867,-93.63380360195507,-265.5401335376542,-0.015166002731460185
315.89107368515874,-93.86757704073352,-266.5120646822806,-0.01485252408964273
316.8907289816308,-94.11574656955601,-267.4804198847904,-0.02080936913516411
317.8903842781028,-94.38098104924501,-268.44423595846393,-0.03147084120881386
318.8900395745748,-94.67109374064616,-269.4008425581067,-0.04525430823837195
319.8896948710468,-94.99763496236822,-270.3456072185958,-0.05698387309808179
320.88935016751884,-95.37223623414523,-271.2723304651331,-0.059765635759631064
321.8890054639909,-95.80068695847132,-272.1754119271637,-0.047114682333005045
322.88866076046287,-96.27734482928747,-273.0540420794901,-0.022003997193002243
323.8883160569349,-96.78451716255952,-273.9154737943567,0.009551804240128896
324.88797135340695,-97.29711981125983,-274.77369735218025,0.041411143382786446
325.88762664987894,-97.78762350549331,-275.64469303081665,0.07095678446584251
326.887281946351,-98.22828598021496,-276.54185268150667,0.094531028801723
327.886937242823,-98.59290108636588,-277.4724075331236,0.10734109180633537
328.886592539295,-98.86133358840873,-278.4350577747796,0.10233126471169414
329.88624783576705,-99.02684791823087,-279.42064532177886,0.08300681445620245
330.88590313223904,-99.09991458871691,-280.4174490608313,0.05575301854549576
331.8855584287111,-99.10367002385397,-281.4170123754709,0.027819342087488257
332.8852137251831,-99.0656630405281,-282.4159238832436,-0.0014253158121140393
333.8848690216551,-99.01433727581477,-283.4142611777913,-0.034063239822409844
334.88452431812715,-98.98063929688007,-284.4133134828806,-0.06217561835307609
335.8841796145992,-98.99549754759668,-285.41274551565067,-0.07284341431851853
336.8838349110712,-99.07833605311137,-286.40881092184077,-0.06957426317818106
337.8834902075432,-99.23207015996812,-287.3964383750345,-0.06389055092079986
338.88314550401526,-99.45122348161767,-288.3716643500253,-0.061037825073616596
339.88280080048725,-99.73070827050049,-289.33135329532763,-0.06063366316049435
340.8824560969593,-100.06803812388527,-290.27227061286715,-0.05763008508399695
341.8821113934313,-100.4606010195176,-291.1915242691014,-0.04866332061487486
342.8817666899033,-100.90167421946997,-292.0885403323103,-0.03359446745286
343.88142198637536,-101.37935223654931,-292.96664736874936,-0.01695789299191336
344.88107728284734,-101.87907922826865,-293.83242367644937,-0.0005932852104525965
345.8807325793194,-102.38636665404287,-294.69380067801694,0.015703851892607517
346.8803878757914,-102.8871352601847,-295.5589766673506,0.030853574145363435
347.8800431722634,-103.36753545375478,-296.4356055928717,0.042971149625044044
348.87969846873546,-103.81514014167428,-297.3294020073812,0.04918917340041337
349.87935376520744,-104.22090155634855,-298.2429404568465,0.05015633442562422
350.8790090616795,-104.58062095026948,-299.17556886657235,0.046883802138303524
351.8786643581515,-104.89466036302959,-300.12456169863805,0.043194623002665834
352.8783196546235,-105.16568264191481,-301.08673132803796,0.0420852507987889
353.87797495109555,-105.3956072479381,-302.05954298903185,0.0438894628796681
354.8776302475676,-105.5836414437959,-303.0413075931286,0.04617392724920854
355.8772855440396,-105.72720649404575,-304.0305480263482,0.04576008023702454
356.8769408405116,-105.8250041871612,-305.0253565087178,0.04116789657052501
357.87659613698366,-105.87937958595829,-306.02348906657096,0.034593923578925004
358.87625143345565,-105.89593562148237,-307.02297686460014,0.029608657447017638
359.8759067299277,-105.88047525685435,-308.02248882869674,0.02995471342626893
360.8755620263997,-105.83545469469789,-309.02110470913595,0.03756015750842418
361.8752173228717,-105.75716450828365,-310.01764801734066,0.05338274458873015
362.87487261934376,-105.63410586749809,-311.0096115449952,0.07415351133885813
363.87452791581575,-105.44817969629037,-311.9916466415283,0.09070465897868134
364.8741832122878,-105.18163569300575,-312.9548366050247,0.09875720037111857
365.87383850875983,-104.82492103454308,-313.8883423117866,0.1042932949587071
366.8734938052318,-104.37557523427458,-314.7809183005866,0.10716647974678746
367.87314910170386,-103.8344587302005,-315.621015617689,0.09255922451189497
368.8728043981759,-103.21174764174408,-316.40267769775306,0.058233278907888174
369.8724596946479,-102.53166354731616,-317.13519485136396,0.02166255942850847
370.87211499111993,-101.8230348025312,-317.84026693499294,-0.009298081007663599
371.8717702875919,-101.11026946029439,-318.54117424731555,-0.034556960040317546
372.87142558406396,-100.41324583312932,-319.257688033816,-0.0561652635512109
373.871080880536,-99.74954442809906,-320.0050846646044,-0.08074500919285771
374.870736177008,-99.13824952188467,-320.79577285549544,-0.11578762601011743
375.87039147348,-98.60727704552633,-321.6422247057247,-0.15366105303158253
376.87004676995207,-98.1952527721036,-322.5521756860573,-0.17246501738528597
377.86970206642405,-97.93787564843261,-323.5171587859268,-0.154753696077689
378.8693573628961,-97.84283411842375,-324.51156312095833,-0.11130850262205323
379.8690126593681,-97.88101325373376,-325.51013881796734,-0.06616524909336803
380.8686679558401,-98.00720062049791,-326.50167784803523,-0.03045088194998111
381.86832325231217,-98.18063107089812,-327.48615225890524,-0.0039533657460840334
382.86797854878415,-98.37068947645817,-328.4675736217106,0.012363105409087078
383.8676338452562,-98.55634321492246,-329.4498343659342,0.01951940059653713
384.86728914172824,-98.72587204687443,-330.4350008148384,0.015549084719610001
385.8669444382002,-98.87766823600414,-331.42305777345246,0.0042073707058005545
386.86659973467226,-99.01946356260338,-332.4126053395762,-0.008182040245768931
387.8662550311443,-99.16344200157945,-333.40183640635246,-0.013363280604453694
388.8659103276163,-99.31852921224115,-334.389383844463,-0.007168957067590495
389.86556562408833,-99.48425625703388,-335.37520470664964,0.008446235321279702
390.8652209205603,-99.64964866368318,-336.36108157720236,0.027010839494896362
391.86487621703236,-99.79752756009556,-337.34972171026266,0.038744648243811096
392.8645315135044,-99.91229621272365,-338.34272923954813,0.03674081200112869
393.8641868099764,-99.98886248490344,-339.33941590132827,0.017009494640228388
394.86384210644843,-100.0381476139042,-340.33784927002455,-0.01094888728052682
395.8634974029205,-100.0841694271367,-341.3364420868117,-0.03494558660703658
396.86315269939246,-100.1535738438028,-342.33365564003526,-0.04625969008183956
397.8628079958645,-100.26406539119486,-343.32713393537654,-0.04279135283248582
398.8624632923365,-100.41913375546252,-344.31464351819005,-0.031723720098537904
399.8621185888085,-100.61107411003852,-345.2956753520321,-0.019498471917304822
400.86177388528057,-100.82798309803586,-346.27150473101045,-0.010214137854002651
401.86142918175256,-101.05919758910974,-347.2440509125057,-0.004579783405789163
402.8610844782246,-101.29743967556978,-348.2149012708487,-0.001769268770605841
403.86073977469664,-101.5386660132853,-349.18501489189333,-0.0005802623212112693
404.8603950711686,-101.78098325935777,-350.1548566562907,-0.00018503884092712405
405.86005036764067,-102.02365687700978,-351.1246093182735,-6.4173955623279e-05
406.8597056641127,-102.26642346563972,-352.0943387109119,1.1313931975348842e-05
407.8593609605847,-102.50921258228105,-353.064062463665,1.3612941388820598e-07
408.85901625705674,-102.75200053397833,-354.03378650805973,-2.125771415473988e-07
409.8586715535287,-102.99478840743541,-355.0035105720419,-3.97973223439275e-09
410.85832685000076,-103.2375763026446,-355.9732346305783,3.991814124717514e-09
411.8579821464728,-103.48036419944326,-356.9429586887168,1.0279257158288716e-10
412.8576374429448,-103.72315209583627,-357.91268274695693,-7.499771057644958e-11
413.85729273941683,-103.96593999219728,-358.88240680520505,-2.5099043626943888e-12
414.8569480358889,-104.20872788856576,-359.85213086345135,1.3834287977058233e-12
415.85660333236086,-104.45151578493488,-360.82185492169737,1.4149090804549864e-13
416.8562586288329,-104.69430368130392,-361.7915789799435,-4.138975402310777e-14
417.85591392530495,-104.93709157767292,-362.7613030381896,3.596038130529182e-14
418.85556922177693,-105.17987947404193,-363.7310270964357,-6.981394612881806e-15
419.855224518249,-105.4226673704109,-364.7007511546818,4.748967698646818e-14
420.85487981472096,-105.66545526677993,-365.6704752129279,1.7000612133058368e-14
421.854535111193,-105.90824316314891,-366.640199271174,-1.0413994498148471e-14
422.85419040766504,-106.15103105951789,-367.60992332942016,-9.031068714093946e-15
423.85384570413703,-106.39381895588693,-368.5796473876662,-2.883930062659832e-14
424.85350100060907,-106.6366068522559,-369.54937144591236,-2.478014110408224e-15
425.8531562970811,-106.87939474862489,-370.5190955041585,-5.1320788370928664e-14
426.8528115935531,-107.1221826449939,-371.48881956240456,3.5751020003035674e-14
427.85246689002514,-107.36497054136291,-372.4585436206507,-6.626938719454313e-14
428.8521221864971,-107.60775843773192,-373.42826767889676,8.03046500885222e-14
429.85177748296917,-107.8505463341009,-374.3979917371429,-4.792768091259142e-13
430.8514327794412,-108.09333423046996,-375.367715795389,-2.575645935603643e-12
431.8510880759132,-108.33612212683917,-376.33743985363503,3.0507947394737274e-11
432.85074337238524,-108.57891002320541,-377.30716391188184,1.3924658188208681e-10
433.8503986688573,-108.82169791956262,-378.27688797013093,-1.6134882860381378e-09
434.85005396532927,-109.06448581607339,-379.2466120283415,-7.578154341675751e-09
435.8497092618013,-109.30727371310344,-380.21633608642213,8.513953692466557e-08
436.84936455827335,-109.55006160214668,-381.1860601465025,4.116044095634412e-07
437.84901985474534,-109.79284946171403,-382.1557842139628,-4.491623605796098e-06
438.8486751512174,-110.03563773600699,-383.125508177585,-2.2314776456236146e-05
439.84833044768936,-110.27842796407357,-384.09523165202205,-6.291514433310213e-05
440.8479857441614,-110.52127170633538,-385.0649417264261,-0.00028755370612161237
441.84764104063345,-110.76427822563006,-386.03461102072305,-0.0008447033045842256
442.84729633710543,-111.00782136648812,-387.0041456581466,-0.002362698773140392
443.8469516335775,-111.25287134304182,-387.9733004389409,-0.005201040338468462
444.8466069300495,-111.50153558319369,-388.9415336363715,-0.01016766614719461
445.8462622265215,-111.75758946271475,-389.90783717857437,-0.016207317676971946
446.84591752299355,-112.02630728976729,-390.8706920369326,-0.021237703999191667
447.8455728194656,-112.31311233173437,-391.82831031645577,-0.022961792292231137
448.8452281159376,-112.62114232536769,-392.7793123898692,-0.01918853519092493
449.8448834124096,-112.94927880738584,-393.72356911319235,-0.012246853506003103
450.8445387088816,-113.2923194261773,-394.66251916166266,-0.005226917873491452
451.84419400535364,-113.64344408874345,-395.59847924358564,-0.0012904875017662244
452.8438493018257,-113.99743326101274,-396.53336014207656,-0.0012850339973703967
453.84350459829767,-114.35250892831264,-397.46782892572537,-0.003199721497642912
454.8431598947697,-114.7096414304176,-398.401513385016,-0.005157818631129561
455.84281519124175,-115.07068075928584,-399.33369369357086,-0.008244740507054255
456.84247048771374,-115.43781186545296,-400.2634908746094,-0.01603491710144631
457.8421257841858,-115.81600028287448,-401.1888407729677,-0.033828216766363085
458.84178108065777,-116.2167721703806,-402.104616509176,-0.0601351516407318
459.8414363771298,-116.65973378108146,-403.00068230917236,-0.08977598718877328
460.84109167360185,-117.16867240658787,-403.8608684554897,-0.1124673460285841
461.84074697007384,-117.76207034138423,-404.6649914410318,-0.11663370509691061
462.8404022665459,-118.4439511529206,-405.3955509101075,-0.10556924210494216
463.8400575630179,-119.20310425274775,-406.04554954833685,-0.0851398996051552
464.8397128594899,-120.02079776754327,-406.6203344367192,-0.06412840037260713
465.83936815596195,-120.87907881659865,-407.132669558933,-0.046388436858167445
466.839023452434,-121.76431210246602,-407.59698340196,-0.031982536436095325
467.838678748906,-122.66701094321512,-408.02640499422756,-0.019450404011961235
468.838334045378,-123.58043777815439,-408.432541758801,-0.007209786966628408
469.83798934185,-124.4992087976289,-408.82645680061415,0.005354190085751717
470.83764463832205,-125.41835298787008,-409.2195013645018,0.01786480305044842
471.8372999347941,-126.33285692416062,-409.62320924738214,0.02928273000815424
472.8369552312661,-127.23754646240472,-410.048433619461,0.038859726784100976
473.8366105277381,-128.12719769563296,-410.50425871565534,0.04555117754823855
474.83626582421016,-128.99679354043255,-410.9972512671022,0.05001719011451058
475.83592112068214,-129.84177711884163,-411.5313251221421,0.052949142252175056
476.8355764171542,-130.65813264134863,-412.1082072455718,0.05524503748157453
477.8352317136262,-131.44210891116566,-412.72837557203894,0.057980516261707735
478.8348870100982,-132.1897598746833,-413.3918805184055,0.061379664487405644
479.83454230657026,-132.8965470497336,-414.09874745188006,0.06536236940276244
480.83419760304224,-133.55716920035172,-414.8489252347994,0.06934748921941902
481.8338528995143,-134.16582373661598,-415.641830129666,0.07182847467180759
482.8335081959863,-134.71698458230065,-416.47570731131634,0.07150298705207635
483.8331634924583,-135.2068472752274,-417.34699874993396,0.06714382390995986
484.83281878893035,-135.63507413294926,-418.2501874522707,0.05691824142126139
485.8324740854024,-136.0063939221409,-419.178246650186,0.042941731901326635
486.8321293818744,-136.33079092711893,-420.12375945632033,0.027227361639464473
487.8317846783464,-136.6218488223408,-421.08008804643373,0.012689028935785858
488.8314399748184,-136.89388792691793,-422.0420120726219,0.001828947554310483
489.83109527129045,-137.15913506807772,-423.0058350833277,-0.0040322938352291065
490.8307505677625,-137.42569723530906,-423.9692947924601,-0.0035010575537381228
491.8304058642345,-137.69614168195145,-424.9316720360982,0.0025075624130069573
492.8300611607065,-137.96730719626305,-425.8938465910598,0.011053681223535587
493.82971645717856,-138.23194602956536,-426.85783375598186,0.017604923405353093
494.82937175365055,-138.482536038427,-427.82556367495704,0.017550804470144205
495.8290270501226,-138.71578105711612,-428.79761975922327,0.011375484078730895
496.82868234659463,-138.9346892838261,-429.7730087740815,0.00357932086611505
497.8283376430666,-139.14639316862335,-430.74998973994593,-0.00011343221583499055
498.82799293953866,-139.35669345522976,-431.7272739652627,0.004137079311865685
499.82764823601065,-139.56537242415374,-432.70490539927397,0.015289784757512479
500.8273035324827,-139.76479878303596,-433.68446093427366,0.0314698750463606
501.82695882895473,-139.94134699851077,-434.66837854115465,0.048645274118639815
502.8266141254267,-140.07839180743682,-435.6585357239435,0.062356533512255265
503.82626942189876,-140.16009554332427,-436.6547448185307,0.06973868535954222
504.8259247183708,-140.17553131436634,-437.65414829152485,0.07222802592289854
505.8255800148428,-140.1199166558545,-438.65210594161755,0.0824757211455358
506.8252353113148,-139.987946350618,-439.6428058332121,0.1224593707737883
507.8248906077868,-139.75711040232784,-440.6149625492819,0.22043252413502776
508.82454590425885,-139.36726378803803,-441.5337293289292,0.3866236388687726
509.8242012007309,-138.72505329023068,-442.29337774223836,0.426187552490252
510.8238564972029,-137.83065566430633,-442.7263494359363,0.2821625443930904
511.8235117936749,-136.83794310708998,-442.8208673854424,0.16870399106856512
512.823167090147,-135.84715452581514,-442.69400122788096,0.10925034587433975
513.822822386619,-134.8826401788462,-442.43242007630244,0.0768521794919791
514.8224776830909,-133.94618272785075,-442.08299529958464,0.05675008943935476
515.822132979563,-133.03490394508012,-441.6722188038239,0.04332388092357952
516.821788276035,-132.14518962477115,-441.2165446864012,0.033390995620141604
517.8214435725071,-131.2735170585765,-440.7272105567139,0.02563048371396256
518.8210988689791,-130.41660573660107,-440.2124430252796,0.020274116155752787
519.8207541654511,-129.571651023473,-439.678266299719,0.017535483658378558
520.8204094619231,-128.73689078979203,-439.12829060456676,0.018223493542058967
521.8200647583951,-127.91204619503222,-438.5635527607306,0.02082446590927069
522.8197200548672,-127.09833194427893,-437.98289583727046,0.022775235422161408
523.8193753513392,-126.29753721558525,-437.38455100519906,0.01920118183652496
524.8190306478112,-125.5097523353358,-436.7691741838554,0.005164176082975662
525.8186859442832,-124.72983167388713,-436.1438468938144,-0.020084043391046014
526.8183412407552,-123.94546541941929,-435.52411665049834,-0.048721797788612624
527.8179965372273,-123.14030420722726,-434.9317376609065,-0.07397199623302513
528.8176518336993,-122.3002834996307,-434.3900518316768,-0.09388739841774583
529.8173071301713,-121.41776864211269,-433.92094912880697,-0.107299612876994
530.8169624266434,-120.4925300131724,-433.54320237346525,-0.1115075370247783
531.8166177231153,-119.5314619332491,-433.2692457357077,-0.10319927152885837
532.8162730195874,-118.54643966549025,-433.10036833159177,-0.0826951281136071
533.8159283160594,-117.54986381853038,-433.02407381817983,-0.05425858107913697
534.8155836125314,-116.55030839457672,-433.0164215225779,-0.02085459716844845
535.8152389090035,-115.55111141518073,-433.04643106994695,0.014824639647153089
536.8148942054754,-114.55200753626447,-433.0795102850678,0.05114088351766507
537.8145495019475,-113.55241172755063,-433.0796129957826,0.08668611709320832
538.8142047984195,-112.55529534368686,-433.0108594698106,0.12009786214997424
539.8138600948915,-111.5707902505204,-432.8394539171669,0.1494020877272847
540.8135153913636,-110.618452457535,-432.53727063506153,0.16559905556906027
541.8131706878355,-109.72574145641914,-432.088881061495,0.16487387900469408
542.8128259843076,-108.9193380424306,-431.4991758205599,0.14285441977262703
543.8124812807796,-108.21295225888801,-430.79251007991144,0.11279702570128937
544.8121365772516,-107.60250989121926,-430.0012470569571,0.08219740196956965
545.8117918737237,-107.07175644648832,-429.15430297446255,0.054867230771863805
546.8114471701957,-106.60007241645455,-428.2730035259075,0.03149218404436813
547.8111024666676,-106.16675428687415,-427.3721688321372,0.010885538663628617
548.8107577631397,-105.75250481004744,-426.46238730204453,-0.004807329669479812
549.8104130596117,-105.34077849643235,-425.5514584511446,-0.013338817337368221
550.8100683560838,-104.92045785883802,-424.6444677258885,-0.012922189401599773
551.8097236525558,-104.4880152469253,-423.7431935080646,-0.007369673486933353
552.8093789490277,-104.0463622027382,-422.8463933150999,-0.0019898544844779375
553.8090342454998,-103.60059712695688,-421.9516285439954,4.6599023991889425e-06
554.8086895419718,-103.15408093046315,-421.0572382513409,-0.0008670430137177259
555.8083448384439,-102.70727735809899,-420.1629915023084,-0.0031523724327800137
556.8080001349159,-102.25867692993087,-419.26964500484985,-0.005532174467414257
557.807655431388,-101.80619314045052,-418.37825971358455,-0.007415921485779007
558.8073107278599,-101.34793982941194,-417.4898272587284,-0.008737375127179205
559.8069660243319,-100.88250377914949,-416.6051371416689,-0.009558076055655852
560.806621320804,-100.40896316245917,-415.7247589160348,-0.00977107243729023
561.806276617276,-99.9269191175537,-414.8490079305722,-0.009619170515298876
562.805931913748,-99.4363998268649,-413.97797572865926,-0.009119170070449092
563.80558721022,-98.9377298246175,-413.1115838047538,-0.008243840268967064
564.805242506692,-98.43152183991724,-412.24957399600737,-0.006863681111911346
565.8048978031641,-97.9187916099646,-411.39142704032605,-0.004723819910854801
566.8045530996361,-97.40109682205258,-410.5362652153441,-0.002576977369830086
567.8042083961082,-96.88028925930554,-409.68299508400196,-0.0008166288049860911
568.8038636925802,-96.35807448469313,-408.8305853168425,0.0007626754624951181
569.8035189890521,-95.83583811257527,-407.9781887779303,0.0022598388383704157
570.8031742855242,-95.31488050960539,-407.1250102046221,0.003774515422042525
571.8028295819962,-94.79650080082662,-406.27026315172697,0.005399607908568718
572.8024848784682,-94.28202953152032,-405.41315833657853,0.007438963636476968
573.8021401749403,-93.77305220753917,-404.55278053327737,0.009958578127116693
574.8017954714122,-93.27154072729766,-403.68803099248385,0.012191565543463895
575.8014507678843,-92.77967831129786,-402.81775863728194,0.01256125354643065
576.8011060643563,-92.29873111899758,-401.94140716730385,0.011083944785891284
577.8007613608283,-91.8282134191235,-401.05941112502376,0.010069934400965033
578.8004166573004,-91.36693668549317,-400.17254646235295,0.012837837782988915
579.8000719537724,-90.9156164679537,-399.28057568228473,0.02044964184412393
580.7997272502444,-90.4790332710257,-398.3813078009952,0.03111931851707605
581.7993825467164,-90.0658085077457,-397.47108530223545,0.039044468515466835
582.7990378431884,-89.685027459416,-396.5468366866266,0.04029250877457579
583.7986931396605,-89.34147472644311,-395.60811406594024,0.03432191215756459
584.7983484361325,-89.03330137962165,-394.65717738430385,0.026163527697224145
585.7980037326045,-88.75402429523692,-393.69734276064304,0.019709768362890418
586.7976590290765,-88.49666923231335,-392.731392262453,0.01795148005076588
587.7973143255485,-88.25731004544234,-391.76082399371614,0.02110210839760037
588.7969696220206,-88.03672094808816,-390.78582118551265,0.027352674979409557
589.7966249184926,-87.8397639881715,-389.80577894393747,0.03332569486161246
590.7962802149646,-87.67267384645284,-388.8202136317038,0.03503297034023245
591.7959355114366,-87.53956817930991,-387.82948977972796,0.031972915079762326
592.7955908079086,-87.43992477597644,-386.834837919785,0.02581118003600689
593.7952461043807,-87.36900706242885,-385.8377176904893,0.021124106926059528
594.7949014008527,-87.3213915813769,-384.8392083771139,0.022248732963532105
595.7945566973248,-87.29517602644212,-383.83990944779373,0.030797234754914242
596.7942119937967,-87.29507651673721,-382.8402795290086,0.045387899941836916
597.7938672902687,-87.33282537389613,-381.84139471913244,0.059138605241782875
598.7935225867408,-87.42297732902,-380.8459127926552,0.06003135134560178
599.7931778832128,-87.57299091797202,-379.8576850547278,0.0461287217886529
600.7928331796849,-87.7757683967142,-378.87887609470266,0.028537325644781935
601.7924884761568,-88.01478739909494,-377.90824049256156,0.016973997114462742
602.7921437726288,-88.27553147334935,-376.94319839469824,0.011030529168072636
603.7917990691009,-88.54973884726336,-375.9818899259088,0.004165798722563291
604.7914543655729,-88.83140446174441,-375.0227370614569,-0.006037219648423272
605.791109662045,-89.11219245108066,-374.0633274283226,-0.012940382390995818
606.790764958517,-89.38346705985053,-373.1011888077694,-0.010535459078666246
607.7904202549889,-89.6430121377094,-372.13581804979776,-0.003985489805726055
608.790075551461,-89.89553520994005,-371.1685838700478,-0.001052798717058878
609.789730847933,-90.14580414380525,-370.2007635947819,-0.004191719108834094
610.7893861444051,-90.3938214689423,-369.2323641910737,-0.013394011042519194
611.7890414408771,-90.63355906414701,-368.2618864531562,-0.031012150991924368
612.788696737349,-90.85205473843494,-367.2864260328245,-0.05890356908354
613.7883520338211,-91.02705100919373,-366.3023012217081,-0.09576351434025739
614.7880073302931,-91.12578647445524,-365.30778747571026,-0.1265008162036215
615.7876626267652,-91.11284542408065,-364.30865879789974,-0.13017568415239547
616.7873179232372,-90.9706586314662,-363.3196415597562,-0.11059176335412561
617.7869732197092,-90.70993364538433,-362.3549166939824,-0.08472730663090373
618.7866285161812,-90.35646227032062,-361.42003705893035,-0.06301501477586041
619.7862838126532,-89.93517828179502,-360.5135942377523,-0.04645719823241313
620.7859391091253,-89.46509090725803,-359.6314251102176,-0.034306610104986576
621.7855944055973,-88.95987260689512,-358.7688658066308,-0.02508392528882061
622.7852497020693,-88.42937516457229,-357.92160421715175,-0.018380018418222312
623.7849049985413,-87.88064098439807,-357.08602978995145,-0.012408986502349909
624.7845602950133,-87.31911592430129,-356.25899125052234,-0.0060054444528144625
625.7842155914853,-86.74994714351541,-355.4371909468974,0.0008189394450828306
626.7838708879574,-86.17868775032613,-354.6168413307227,0.006091661753148066
627.7835261844294,-85.61033044265764,-353.7944795887214,0.007810289625021292
628.7831814809015,-85.04780866389389,-352.96811599305937,0.006236269953650214
629.7828367773734,-84.49123287868022,-352.13773526672753,0.0019662661308490438
630.7824920738454,-83.93814344119647,-351.3050272719665,-0.0038890585992345764
631.7821473703175,-83.38425586693063,-350.4728502765811,-0.008208374321354288
632.7818026667895,-82.82518394272071,-349.64414919119315,-0.005721076183602271
633.7814579632616,-82.26006757907389,-348.8195567681224,0.007753885099140127
634.7811132597335,-81.69548753127728,-347.99459799080637,0.029199499316729927
635.7807685562055,-81.14606862541164,-347.15949119482474,0.052825826158766395
636.7804238526776,-80.63136099726661,-346.30261807738793,0.07598796684316311
637.7800791491496,-80.17291909830033,-345.41446063619946,0.0977289158047898
638.7797344456217,-79.7933370940215,-344.4899591958732,0.11160902308652923
639.7793897420936,-79.51309545273351,-343.53075525937606,0.10610048363691078
640.7790450385656,-79.33993386508834,-342.54653112668376,0.0786757175988053
641.7787003350377,-79.2588721625018,-341.5503398130858,0.04678970547732058
642.7783556315097,-79.24005735593639,-340.5509210926914,0.024437969066070146
643.7780109279818,-79.25626216831903,-339.5514120577412,0.011254054118969846
644.7776662244538,-79.29000747599835,-338.5523298208415,0.0020559473005364575
645.7773215209257,-79.33040526163715,-337.55349113263117,-0.0075632973185377605
646.7769768173978,-79.36811589793608,-336.55454882155436,-0.01889881933383207
647.7766321138698,-79.39265940226755,-335.5552031980775,-0.030705047687052688
648.7762874103419,-79.39239531703247,-334.55557142202485,-0.04084365000759451
649.7759427068139,-79.35628356457083,-333.5566088991902,-0.046020227351515224
650.7755980032858,-79.2765747230254,-332.5601888457135,-0.044975236921603365
651.7752532997579,-79.15135600506943,-331.5684559490031,-0.037478940093974795
652.7749085962299,-78.98522227939885,-330.5827364124619,-0.027135696495529407
653.774563892702,-78.7872649850531,-329.60289513643994,-0.016965548687488057
654.774219189174,-78.5678575296058,-328.6276218748537,-0.00905895614516664
655.773874485646,-78.33587826698991,-327.6552574896023,-0.004315497348012709
656.773529782118,-78.09748388181144,-326.6844444149463,-0.001678971535002907
657.77318507859,-77.85626810478854,-325.71432817332027,-0.0006149033908554652
658.7728403750621,-77.61396072069671,-324.74448394444414,-0.00011016437638859585
659.7724956715341,-77.37132145450083,-323.7747226863829,6.413738686083623e-05
660.7721509680061,-77.1286588821536,-322.80496725929055,0.00046518677322970723
661.7718062644781,-76.8862331452771,-321.8351526060642,0.0012961050066790463
662.7714615609501,-76.64459526524442,-320.8651413797926,0.003146322317458565
663.7711168574222,-76.40507720600583,-319.89460475976966,0.0067428788200025284
664.7707721538942,-76.17028672972165,-318.92291438663216,0.01187172150375001
665.7704274503662,-75.9444858872168,-317.9490981891033,0.017370636356613636
666.7700827468383,-75.73299740661372,-316.97207759411333,0.02034725549728234
667.7697380433102,-75.54013471701126,-315.99121309310533,0.01749749152321752
668.7693933397823,-75.36618127752823,-315.00681689826826,0.008701395328150185
669.7690486362543,-75.2053583000938,-314.02018446008134,-0.0024176681257162755
670.7687039327263,-75.04758715316625,-313.03305782962826,-0.009556575333068362
671.7683592291984,-74.88361485838139,-312.0469446457701,-0.009417099044415131
672.7680145256703,-74.70994394212404,-311.06249310714503,-0.002500350178621594
673.7676698221424,-74.5301978077565,-310.0791304995895,0.007605536657903978
674.7673251186144,-74.35287687060739,-309.09532902497057,0.016928252994406583
675.7669804150864,-74.18778184848617,-308.1094083374326,0.020887681457686942
676.7666357115585,-74.04170756878308,-307.12049455043535,0.013190511196320993
677.7662910080305,-73.91302459718426,-306.1291610779316,-0.005826911168936788
678.7659463045024,-73.78827897749785,-305.13732009363946,-0.02411337988985271
679.7656016009745,-73.6483254280799,-304.14752619314174,-0.030676211043297003
680.7652568974465,-73.48081091314555,-303.16203077187834,-0.02589164512715056
681.7649121939186,-73.28527167004805,-302.1817038040395,-0.01759784043114963
682.7645674903906,-73.06840091334132,-301.20586419955345,-0.010128580721459323
683.7642227868625,-72.83815033488716,-300.2330895513413,-0.004913527791829926
684.7638780833346,-72.60069024927334,-299.2620476597651,-0.0021169269329738114
685.7635333798066,-72.35989433327514,-298.29182715161267,-0.0007595313566128359
686.7631886762787,-72.11775569544845,-297.3219407841446,-0.00024494372278064476
687.7628439727507,-71.8751522255917,-296.3521705714111,-6.317946404755242e-05
688.7624992692228,-71.6324101812745,-295.3824350344997,-6.388084040025597e-06
689.7621545656947,-71.38962229850644,-294.4127109728486,-3.3483142649062235e-06
690.7618098621667,-71.14683475622192,-293.4429868259548,1.0520730608696597e-07
691.7614651586388,-70.90404686148115,-292.47326276730115,6.314476010553104e-08
692.7611204551108,-70.66125895840129,-291.5035387107351,-1.6835356808000976e-09
693.7607757515829,-70.41847106196647,-290.5338146525054,-1.1905699801564824e-09
694.7604310480548,-70.17568316572451,-289.5640905942276,2.583521546587989e-11
695.7600863445268,-69.93289526935745,-288.594366535981,2.2416919541692207e-11
696.7597416409989,-69.69010737298602,-287.6246424777355,-3.3552659939555396e-13
697.7593969374709,-69.44731947661697,-286.6549184194894,-4.3449518248283946e-13
698.759052233943,-69.20453158024806,-285.6851943612433,8.202773172135846e-14
699.7587075304149,-68.9617436838791,-284.71547030299735,-9.494770825126661e-14
700.7583628268869,-68.71895578751008,-283.7457462447513,-9.887828567431405e-14
701.758018123359,-68.4761678911411,-282.7760221865052,9.260937340135491e-14
702.757673419831,-68.23337999477212,-281.80629812825913,-1.0560224038657374e-15
703.757328716303,-67.99059209840311,-280.836574070013,-6.246199616485919e-15
704.7569840127751,-67.74780420203412,-279.8668500117669,5.2548512398025775e-14
705.756639309247,-67.50501630566517,-278.8971259535209,-3.956813486494333e-14
706.7562946057191,-67.26222840929616,-277.92740189527484,-3.577899334167161e-13
707.7559499021911,-67.01944051292709,-276.9576778370287,-1.2212751770597577e-12
708.7556051986631,-66.77665261655808,-275.98795377878264,2.5472559418080037e-11
709.7552604951352,-66.53386472019172,-275.0182297205359,6.792130940742004e-11
710.7549157916071,-66.29107682382538,-274.04850566228924,-1.3457681379382221e-09
711.7545710880792,-66.04828892731845,-273.0787816040777,-3.873008799364568e-09
712.7542263845512,-65.80550103077277,-272.1090575458758,7.122447320797058e-08
713.7538816810232,-65.56271314163455,-271.13933348581935,2.18980416601546e-07
714.7535369774953,-65.31992525659672,-270.1696094247363,-3.7682085257079523e-06
715.7531922739673,-65.0771369815513,-269.1998854613013,-1.2300623936203922e-05
716.7528475704393,-64.83434834911661,-268.2301615873481,-6.338118288592958e-05
717.7525028669113,-64.59151099145403,-267.2604499141203,-0.00026169668508537825
718.7521581633833,-64.34852656677238,-266.2907750830113,-0.0007730980695141657
719.7518134598554,-64.10505423526747,-265.32122265484276,-0.0022503035907064746
720.7514687563274,-63.860158738650476,-264.35202882026925,-0.005181345101999521
721.7511240527994,-63.61176476214106,-263.3837262254907,-0.010270421643749276
722.7507793492714,-63.3560031975383,-262.4173453752666,-0.017352223825570567
723.7504346457434,-63.08699429181389,-261.45457260009766,-0.024969252519814952
724.7500899422155,-62.797642675896036,-260.4977249252802,-0.030916898350542215
725.7497452386875,-62.4815700836548,-259.54937589308463,-0.03280975074542002
726.7494005351596,-62.1352746074302,-258.6116441301435,-0.030104199130115108
727.7490558316315,-61.759450285278355,-257.685347633514,-0.02183810575414241
728.7487111281035,-61.35947374909206,-256.7692100788954,-0.007785427980945108
729.7483664245756,-60.94571009731579,-255.8592058852137,0.012034858031070628
730.7480217210476,-60.533724501985866,-254.94839718606474,0.03294756872122715
731.7476770175197,-60.14235227372386,-254.0285677644444,0.045165658413241404
732.7473323139916,-59.78769338304618,-253.0939964152356,0.04468152969812478
733.7469876104636,-59.4759255498768,-252.1442522667381,0.034080459950609265
734.7466429069357,-59.20192813552681,-251.182910249522,0.023148882633574275
735.7462982034077,-58.95539289326608,-250.21414502498982,0.01767186774395385
736.7459534998798,-58.728337597762646,-249.2406247969988,0.018354526518398778
737.7456087963518,-58.51864792117356,-248.2632175705467,0.021082134968126852
738.7452640928237,-58.328288260664976,-247.28186493129405,0.019140788374965953
739.7449193892958,-58.15805109251291,-246.29682063372843,0.008471496157273132
740.7445746857678,-58.00184261385803,-245.30944713494716,-0.011783957339288475
741.7442299822399,-57.844217292918,-244.32229973473937,-0.03522181459759209
742.7438852787119,-57.66355757756252,-243.33913379202878,-0.05358206748305117
743.7435405751838,-57.43916023501703,-242.36505982345327,-0.0639164665298745
744.7431958716559,-57.15763813588523,-241.4059614958707,-0.0656308096845788
745.7428511681279,-56.81451259190033,-240.46714337444175,-0.0639435808384414
746.7425064646,-56.41124616372291,-239.55253709917358,-0.060997428328796746
747.742161761072,-55.95165249271323,-238.66488935870936,-0.056319272642165116
748.7418170575439,-55.44072920251338,-237.80574722411535,-0.04482295307626081
749.741472354016,-54.88668330324808,-236.97373066993094,-0.02264612719777138
750.741127650488,-54.304419370032875,-236.1611694113053,0.011358183086316444
751.74078294696,-53.71733232337798,-235.35207268732094,0.04861892051486169
752.7404382434321,-53.15476771512003,-234.52580443624265,0.07784851553062276
753.7400935399041,-52.6459961754515,-233.66547791225184,0.09562255682014169
754.7397488363761,-52.21416521717881,-232.76415961992592,0.10381994537751647
755.7394041328481,-51.874396099964365,-231.82431072842527,0.10799296995217054
756.7390594293202,-51.63604325839039,-230.8538056762194,0.10669785861517245
757.7387147257922,-51.503278307445946,-229.86331473203333,0.0862517169840793
758.7383700222642,-51.467344394851594,-228.8645132211374,0.04195609382867419
759.7380253187362,-51.49643371308179,-227.86532736501817,-0.013191179060104991
760.7376806152082,-51.54000350925797,-226.86662556460422,-0.061926395565511855
761.7373359116802,-51.54563044354734,-225.86708342023948,-0.09404566943938171
762.7369912081523,-51.4726313982646,-224.8703266372489,-0.10915816473249022
763.7366465046243,-51.29815082960395,-223.88631776424614,-0.10745258339603761
764.7363018010964,-51.01777990977771,-222.92708090255775,-0.09425791007573177
765.7359570975683,-50.64180387108225,-222.0010480540311,-0.07255806370632295
766.7356123940403,-50.189674547686195,-221.10962094924335,-0.04518048837059758
767.7352676905124,-49.68568419857062,-220.24636023997783,-0.015074713855801228
768.7349229869844,-49.15587379091886,-219.39865570960032,0.013952292928306173
769.7345782834565,-48.625670992801815,-218.55119598385215,0.03830460412860068
770.7342335799284,-48.11806461785039,-217.69004255564792,0.056299348853862306
771.7338888764004,-47.65195145310405,-216.80578393092958,0.06568424513342702
772.7335441728725,-47.24082214115144,-215.89469199510276,0.06912006143131158
773.7331994693445,-46.89219584801781,-214.95791579885915,0.06877824651013643
774.7328547658166,-46.60893498561789,-213.99935209442097,0.06808462464065965
775.7325100622886,-46.391845898105686,-213.0236742905464,0.06508898265424037
776.7321653587605,-46.240375567513986,-212.03567592679988,0.05195438248076821
777.7318206552326,-46.1476842138708,-211.04040131966056,0.024216858738826355
778.7314759517046,-46.093526989574535,-210.04222938014954,-0.009302838241649587
779.7311312481767,-46.04667144761353,-209.04367429700503,-0.03310652144598677
780.7307865446487,-45.97799652283057,-208.04640999061493,-0.0431024080583144
781.7304418411206,-45.87076063838484,-207.05257023403746,-0.041234676401094926
782.7300971375927,-45.721394139258095,-206.06417991749097,-0.03393133697472291
783.7297524340647,-45.53487404972596,-205.08210739026663,-0.02620998482864551
784.7294077305368,-45.31900172872346,-204.10605569503684,-0.021871417632486418
785.7290630270088,-45.07991989785222,-203.13542260087587,-0.02155169213174783
786.7287183234808,-44.820013234858656,-202.17015690089806,-0.023060883158925155
787.7283736199528,-44.538637162840956,-201.21093129916733,-0.0228540916039878
788.7280289164248,-44.235163834066746,-200.25846561103896,-0.01793146115647205
789.7276842128969,-43.91213841647903,-199.31244688758744,-0.008986553464059103
790.7273395093689,-43.5762706534867,-198.37090562109609,0.0005079219181439445
791.726994805841,-43.2364699784064,-197.4307745861648,0.006135386523025521
792.7266501023129,-42.900091834891356,-196.48941455871474,0.005556048083628446
793.7263053987849,-42.56947255813942,-195.54601626799476,-0.0003604830219735231
794.725960695257,-42.24135407415976,-194.60174451420698,-0.0061159679006304235
795.725615991729,-41.9101495123806,-193.65855169600675,-0.006396775788993355
796.725271288201,-41.57282292570252,-192.71753122730294,-0.0013493148535619248
797.724926584673,-41.23163321872424,-191.7779034626145,0.006174741319885521
798.724581881145,-40.89278093396896,-190.83743114510256,0.010950683320559582
799.724237177617,-40.56219909397885,-189.89402183607132,0.008933304889602716
800.7238924740891,-40.24127781146885,-188.94728177268007,0.0013198029339502315
801.7235477705611,-39.925418608506966,-187.99883895906808,-0.006953588713516152
802.7232030670332,-39.60678599135519,-187.05132551453525,-0.010347956647296097
803.7228583635051,-39.27961462273328,-186.10672789169263,-0.006362240379255748
804.7225136599772,-38.94427830245076,-185.16499612873113,0.003224029445359418
805.7221689564492,-38.60733348451137,-184.22383782401167,0.013644391677878278
806.7218242529212,-38.27836056865161,-183.27986788609272,0.020360354215153635
807.7214795493933,-37.96571057367889,-182.33037235272874,0.02173816247998989
808.7211348458652,-37.673336074289246,-181.3744399208803,0.017993418973367963
809.7207901423373,-37.40009091570228,-180.4128616067146,0.01273135005334445
810.7204454388093,-37.141682241770724,-179.4471866134472,0.00936685533642672
811.7201007352813,-36.89382741129785,-178.47874726697987,0.009556505597678953
812.7197560317534,-36.654988161854334,-177.5080454395387,0.015493577992161535
813.7194113282254,-36.42810026678199,-176.5344839357628,0.027067307517630528
814.7190666246973,-36.22173630907485,-175.55637925770958,0.04634501162088238
815.7187219211694,-36.05111364275353,-174.57144383023078,0.07336705621923435
816.7183772176414,-35.93930902322499,-173.57820031386325,0.10928668489806433
817.7180325141135,-35.91813650569006,-172.5790822504659,0.15118488959166904
818.7176878105855,-36.026814613460786,-171.585989750815,0.18711373445878104
819.7173431070574,-36.30178953476303,-170.62594461376636,0.2002816058424013
820.7169984035295,-36.75732944170985,-169.7374151341646,0.18646834449315325
821.7166537000015,-37.3755621116769,-168.9531467621085,0.15805496372475222
822.7163089964736,-38.1194598762951,-168.2864693669073,0.11888776374739346
823.7159642929456,-38.94885264063161,-167.72917491725792,0.06549551589766396
824.7156195894177,-39.82665292294403,-167.25113577571298,0.0030955032659894946
825.7152748858896,-40.7204806638006,-166.80349081967944,-0.04989335751476505
826.7149301823616,-41.60305319591353,-166.33421466167817,-0.08203539794443865
827.7145854788337,-42.45212379056859,-165.8069961146374,-0.10389845715628475
828.7142407753057,-43.24848104589895,-165.203319225462,-0.1307761194942139
829.7138960717778,-43.96888253087112,-164.51106933474946,-0.15923809412021017
830.7135513682497,-44.58143985538036,-163.72212798313424,-0.16738577628092807
831.7132066647217,-45.0567848052251,-162.84375613564018,-0.15335055892086327
832.7128619611938,-45.38527462013394,-161.9004076723881,-0.12823836187674997
833.7125172576658,-45.57788432186024,-160.91999917289132,-0.09946405727879351
834.7121725541379,-45.657952652753316,-159.9238472279888,-0.07515670513214916
835.7118278506099,-45.651164909444326,-158.92437577226613,-0.0639668040427439
836.7114831470818,-45.57532892323126,-157.92771042333803,-0.062353238452180444
837.7111384435539,-45.43707196176493,-156.93776184031444,-0.06320546266011846
838.7107937400259,-45.2369691669467,-155.95843761305892,-0.059405235544309425
839.710449036498,-44.97703153993744,-154.9932554599688,-0.05127917517861175
840.71010433297,-44.66394898982269,-154.04395568853994,-0.04276950518516576
841.7097596294419,-44.30672468302584,-153.1103490742219,-0.03786196762687584
842.709414925914,-43.912363353697096,-152.19180350830302,-0.038360040888774594
843.709070222386,-43.483447011103024,-151.28887712349788,-0.042162901517093655
844.708725518858,-43.01867166815275,-150.40388316729545,-0.04655886194937558
845.7083808153301,-42.51511092195516,-149.54038106294766,-0.050217492554863734
846.708036111802,-41.97033130572181,-148.7022846048431,-0.053065833876791715
847.7076914082741,-41.38302818492768,-147.89342934201838,-0.05572541404048346
848.7073467047461,-40.75262906771368,-147.11770377586794,-0.05723534027832474
849.7070020012181,-40.079375941322056,-146.37887478042964,-0.05537036873869367
850.7066572976902,-39.36545922497064,-145.67925526996314,-0.04838760829824629
851.7063125941622,-38.61611312546811,-145.01769495551045,-0.037921501591112905
852.7059678906342,-37.838900934364645,-144.38906831068795,-0.02774267285869109
853.7056231871062,-37.04148671872502,-143.7862420000841,-0.01798116227689946
854.7052784835782,-36.230499301172735,-143.2017819824896,-0.007203113721499914
855.7049337800503,-35.412160129729415,-142.62764860765165,0.005861800143523776
856.7045890765223,-34.593364208997,-142.0541657403777,0.021466096727542256
857.7042443729943,-33.7824265288382,-141.46963996986784,0.038684008447283175
858.7038996694663,-32.98944697553293,-140.86101746548138,0.054031213257434034
859.7035549659383,-32.225647771550854,-140.21620723975226,0.06191922374805754
860.7032102624104,-31.500782839708894,-139.52795847045883,0.06212229491710403
861.7028655588824,-30.82016946135482,-138.79592110598415,0.059290497121465426
862.7025208553545,-30.185089751633562,-138.0240400057953,0.061070413060847754
863.7021761518264,-29.597299758954353,-137.21557503806443,0.06871550967249196
864.7018314482984,-29.063012876579094,-136.3708296940334,0.07481796674873266
865.7014867447705,-28.59096945852884,-135.48981563368733,0.07096592249190861
866.7011420412425,-28.18485162093741,-134.5765173965089,0.057970445178917675
867.7007973377146,-27.8386416482023,-133.63881893064834,0.04298239889291324
868.7004526341865,-27.540023166988327,-132.6848553109885,0.032224025574555046
869.7001079306585,-27.277207756132054,-131.72039237378644,0.02779900283709899
870.6997632271306,-27.0431593030718,-130.74854091966262,0.02726797553979786
871.6994185236026,-26.83584777647311,-129.77063640501734,0.026548160231475458
872.6990738200747,-26.65507942718653,-128.7874784430158,0.020987680224976126
873.6987291165467,-26.497988860047656,-127.80025374292175,0.009992088164897502
874.6983844130186,-26.356419278363557,-126.81067609996062,-0.001636668787723185
875.6980397094907,-26.218829748474516,-125.82053473864974,-0.007900192986184893
876.6976950059627,-26.07620533441592,-124.8311075657677,-0.005039014492134638
877.6973503024348,-25.926893970229234,-123.84266653160994,0.0025452206067392773
878.6970055989068,-25.776199129430076,-122.85443498028805,0.007542020941415449
879.6966608953787,-25.630775210466616,-121.86541545806786,0.005227205435142274
880.6963161918508,-25.4920165817719,-120.87543786188623,-0.005181684027699444
881.6959714883228,-25.35341601739067,-119.88543790417819,-0.016880900933017376
882.6956267847949,-25.20385873453656,-118.89704043327644,-0.02353935499233954
883.6952820812669,-25.03403828868318,-117.91192874817534,-0.023270883644556536
884.6949373777389,-24.84091448517938,-116.93111860402131,-0.017874270440287405
885.6945926742109,-24.627530214232515,-115.95451093396814,-0.011229053800263513
886.6942479706829,-24.39996902258879,-114.98110401594548,-0.005672765482994369
887.693903267155,-24.16426922951139,-114.00963358642178,-0.0016521383747124512
888.693558563627,-23.925065897794386,-113.03901914740975,0.0017434578032727876
889.693213860099,-23.685919258839245,-112.06839074505966,0.005952259311325255
890.692869156571,-23.45044038277707,-111.09686681946685,0.012031814364947244
891.692524453043,-23.22360294523626,-110.12329140712802,0.020070224686859237
892.692179749515,-23.012358397119623,-109.14622070212722,0.028462084806812938
893.6918350459871,-22.82490220087199,-108.16431789516365,0.03402758594153597
894.6914903424591,-22.668399586552432,-107.17701784261078,0.03487687199027882
895.6911456389312,-22.546213723731753,-106.18488749648624,0.0307302143384468
896.6908009354031,-22.456732285993034,-105.18926821544859,0.02545549272809993
897.6904562318751,-22.39526161165515,-104.19152097071455,0.02392390689344688
898.6901115283472,-22.35821358823075,-103.19256667959334,0.02828905291369356
899.6897668248192,-22.346931621981497,-102.19299618163744,0.03771059232853636
900.6894221212913,-22.368517670016345,-101.19361192699483,0.04342768305338017
901.6890774177632,-22.431121926748197,-100.19597256096347,0.030619681914365985
902.6887327142352,-22.53197741331683,-99.20144459665391,-0.009693621307306772
903.6883880107073,-22.64443543215746,-98.2081369644422,-0.06495364384802474
904.6880433071793,-22.719843952167015,-97.21145296522594,-0.10412307321485015
905.6876986036514,-22.709930381664496,-96.21215273789032,-0.11002362676460703
906.6873539001233,-22.592089147172192,-95.21980731142415,-0.0949382105757979
907.6870091965953,-22.37271199777734,-94.24475948609215,-0.07377836075061314
908.6866644930674,-22.071893721729953,-93.29157868819568,-0.05430169013909033
909.6863197895394,-21.710776466090092,-92.35949806742201,-0.03726513025577472
910.6859750860115,-21.307495686383152,-91.44483142161937,-0.02206201071754749
911.6856303824835,-20.87729295288616,-90.54249097590909,-0.007378468493031261
912.6852856789554,-20.433854391094012,-89.64657188019136,0.007621416987999741
913.6849409754275,-19.990508804088538,-88.7506068705415,0.023206713461527598
914.6845962718995,-19.560992350333088,-87.84794125159213,0.039027083778406066
915.6842515683716,-19.159776210539736,-86.93236885847773,0.054305263102388764
916.6839068648436,-18.801737517015777,-85.99910364971967,0.06860754906856902
917.6835621613155,-18.501749741826185,-85.0456402997636,0.08107107706561727
918.6832174577876,-18.27399495076445,-84.0724521115182,0.08926567594404208
919.6828727542596,-18.130135910190088,-83.08342476070452,0.08455448903104856
920.6825280507317,-18.073281274577997,-82.08559254154846,0.054796522303902556
921.6821833472037,-18.087079645944737,-81.08612173266114,0.004305336877527419
922.6818386436757,-18.130973974943576,-80.0874294779553,-0.04723894486373556
923.6814939401477,-18.152968635621882,-79.08807902643423,-0.08555477342699988
924.6811492366197,-18.107781112655868,-78.08965154283429,-0.10871805114911885
925.6808045330918,-17.965561427644065,-77.1004837932126,-0.11811326341421621
926.6804598295638,-17.712029372496822,-76.13389156914103,-0.11739662072394284
927.6801151260358,-17.346225668426637,-75.20395253930675,-0.10711450625897143
928.6797704225078,-16.878194544850004,-74.32096321761277,-0.08654051821277867
929.6794257189798,-16.326667419243332,-73.48745391206782,-0.05958302882112079
930.6790810154519,-15.715549159726764,-72.69646476584906,-0.032331430737633206
931.6787363119239,-15.06883430139575,-71.9342217116642,-0.012662373144576005
932.6783916083959,-14.405437426368803,-71.18641958733751,-0.0009628606477540367
933.678046904868,-13.737202143324652,-70.44293301404892,0.0062632492562705
934.6777022013399,-13.070972254881902,-69.69764996944487,0.013870336936719057
935.677357497812,-12.412218690577008,-68.94575542607197,0.02479076066770574
936.677012794284,-11.767956212910862,-68.18141853185236,0.04111510689626498
937.676668090756,-11.149029966196174,-67.39645791471492,0.06573861905910316
938.6763233872281,-10.57260859020662,-66.57984535265184,0.09789387908379989
939.6759786837,-10.064636998160964,-65.71914630884064,0.13169246117188682
940.675633980172,-9.65889020365658,-64.8060193259179,0.15166924446681823
941.6752892766441,-9.387246262709922,-63.84461789086817,0.14875810784107235
942.6749445731161,-9.263399585591236,-62.85325943377951,0.12676932892868198
943.6745998695882,-9.276972896278325,-61.854139863217945,0.10091663807283552
944.6742551660602,-9.4039854808011,-60.86287269076933,0.07549461939775423
945.6739104625321,-9.617840389859012,-59.88652737412534,0.04789984611753654
946.6735657590042,-9.89164129190026,-58.925169801680354,0.016888908429582836
947.6732210554762,-10.196507644109953,-57.973145976528755,-0.008759285600971481
948.6728763519483,-10.504946703777135,-57.02226636939668,-0.017383760983078155
949.6725316484203,-10.800425267248952,-56.06728726791668,-0.01451583767807816
950.6721869448922,-11.080528745879198,-55.107683668408946,-0.016401794606134962
951.6718422413643,-11.346052033092912,-54.14394611486132,-0.02967793904585371
952.6714975378363,-11.589490729116102,-53.17441442937552,-0.04473796917276285
953.6711528343084,-11.796353940723549,-52.19646182091058,-0.05107992445602609
954.6708081307804,-11.955803759314476,-51.20968945397224,-0.057387263407464806
955.6704634272523,-12.062014467979957,-50.21579808046944,-0.07743527358444337
956.6701187237244,-12.10179439397509,-49.21712192094255,-0.10516575227101513
957.6697740201964,-12.050298785446858,-48.21912928406182,-0.12342995252916958
958.6694293166685,-11.884597756322794,-47.23374845039065,-0.1255107430163782
959.6690846131405,-11.597361404703253,-46.27669745598139,-0.11530727350641964
960.6687399096126,-11.196962715783892,-45.361113053631,-0.09942630462821364
961.6683952060845,-10.700529672303446,-44.493717081781014,-0.08054235379167315
962.6680505025565,-10.12808738122021,-43.67438761975523,-0.06083034095395321
963.6677057990286,-9.499184385673153,-42.89745966263721,-0.042028889960306695
964.6673610955006,-8.831184041989694,-42.15382046111561,-0.025995352252394396
965.6670163919727,-8.138369560040946,-41.43320476032541,-0.013356691002749629
966.6666716884446,-7.43161097048944,-40.72624371293484,-0.005298655483223276
967.6663269849166,-6.718355539136524,-40.02583230147287,0.00014319131284417229
968.6659822813887,-6.003371996194694,-39.32718413798195,0.004278629696764974
969.6656375778607,-5.289944130887514,-38.62694806742458,0.00818408803578196
970.6652928743327,-4.580897012324659,-37.922278246843874,0.011982948877115695
971.6649481708048,-3.878997184785149,-37.21049144415277,0.016391742930908337
972.6646034672767,-3.187227037869471,-36.48886007015083,0.02299135151998582
973.6642587637488,-2.5096989934154013,-35.75384972455353,0.03485858694546916
974.6639140602208,-1.8534964411025727,-34.999760983735,0.05329899856656482
975.6635693566928,-1.2309371959879432,-34.21772400171076,0.07810492608104477
976.6632246531649,-0.6610174139015589,-33.39663809147819,0.10353594165850614
977.6628799496368,-0.16810264153627552,-32.527294627329056,0.1252587806700672
978.6625352461089,0.2221443572915606,-31.607437010938916,0.14499049563658425
979.6621905425809,0.48501610225991193,-30.64358923473209,0.16725852763456048
980.661845839053,0.5950299874353815,-29.650839719032803,0.18593756598046
981.661501135525,0.5285007282217399,-28.654467373385653,0.18373427966562508
982.661156431997,0.2786924387525899,-27.687636688901225,0.15378603601853807
983.660811728469,-0.13098680059997808,-26.776629669023563,0.10740355066013596
984.660467024941,-0.6562294446925937,-25.926536763380255,0.059087191604345495
985.660122321413,-1.2503418828957809,-25.12273238096761,0.01955090983954303
986.6597776178851,-1.8752205571679332,-24.34246905449702,-0.012723413131602933
987.6594329143571,-2.502773038478401,-23.564344889738393,-0.05498952115298743
988.659088210829,-3.104291372268096,-22.766050418089378,-0.11439253342437958
989.6587435073011,-3.6364225858665056,-21.920326017212822,-0.16723711609991596
990.6583988037731,-4.043338669195994,-21.008268970972107,-0.18988168600321684
991.6580541002452,-4.280204278585126,-20.038293954488754,-0.18917820535334334
992.6577093967172,-4.3293072081299835,-19.040960247902834,-0.17610266776364095
993.6573646931893,-4.195900783885326,-18.05116728098263,-0.15387690172183813
994.6570199896612,-3.9012091209115134,-17.096619867673592,-0.12503673110068578
995.6566752861332,-3.476350334876885,-16.19218833526427,-0.0928988647093537
996.6563305826053,-2.955534870893987,-15.33917633437929,-0.06181990266744312
997.6559858790773,-2.3703948353180193,-14.528776946243228,-0.03498408566448618
998.6556411755494,-1.74692633185146,-13.747405799424808,-0.014253001025622757
999.6552964720213,-1.1046143471928442,-12.981417246034216,0.0002440660828217529
1000.6549517684933,-0.4571440154627707,-12.219778655746822,0.01057287311148363
1001.6546070649654,0.18608398039737026,-11.454557265328443,0.018563857228477178
1002.6542623614374,0.8180807626388992,-10.680040276134331,0.02632246749259304
1003.6539176579095,1.4325469382780196,-9.891552173005707,0.035047043235206826
1004.6535729543814,2.022590664864535,-9.084640104055469,0.04564594177977262
1005.6532282508534,2.5796936898714993,-8.254663427918475,0.059536172503872734
1006.6528835473255,3.0925400733517776,-7.39667625454091,0.07924245188120137
1007.6525388437975,3.5449857393563335,-6.505429143861057,0.10927233474400597
1008.6521941402696,3.912062520301359,-5.575938736078314,0.15800673019446684
1009.6518494367416,4.1528737970913205,-4.606446427724298,0.23335204370500032
1010.6515047332135,4.2016772071091415,-3.6096818311122236,0.30596429391678875
1011.6511600296856,3.982054248261536,-2.6376194438361265,0.29578016705085436
1012.6508153261576,3.4807907336087456,-1.7761972398852144,0.24688542715943002
1013.6504706226297,2.7670710903593085,-1.079271599223152,0.21499130891185633
1014.6501259191017,1.9124480813251554,-0.5636516345711847,0.16364935279135426
1015.6497812155736,0.9751658029122604,-0.2185178652604115,0.10171819495890698
1016.6494365120457,0.0,0.0,
